{"camera_matrix": [[579.7125215893234, 0.0, 347.906993723443], [0.0, 587.1558576036441, 216.20079911778362], [0.0, 0.0, 1.0]], "distortion": [[-0.615246380823079, 6.471730808476139, 0.006024883611030083, -0.004836919344870085, -29.549064299402684]], "rvecs": [[[-0.306521321914244], [-0.042385122360501896], [-0.021160325379134898]], [[-0.31265815279557846], [-0.05449685757087844], [-0.02721721225049583]], [[-0.45006824879744106], [0.006894836429739104], [1.2534577527950646]], [[-0.22222884589054312], [-0.2555765566916114], [0.5982051068749047]], [[-0.21091837117330753], [-0.2979861577230254], [0.47554626869702077]], [[-0.25306088797093984], [-0.40953670047627266], [0.03443571581369493]], [[-0.027994635097678727], [-0.4371470558437356], [0.08978795908557001]], [[-0.029807231117466814], [-0.24628526429387168], [0.21549763852381784]], [[-0.2458940004192008], [-0.25702824400926455], [0.5301623672195692]], [[-0.08937196118782709], [-0.09524177674119587], [0.24806674438857013]], [[-0.12703672800480187], [-0.12836150420320072], [0.19088191911782335]], [[-0.171206000050533], [-0.17643688817185102], [0.04245725081965453]], [[-0.1811356442183249], [-0.23727000154905475], [-0.09146618876658157]], [[-0.20555700392855047], [-0.2653937364011116], [-0.16896444891750248]], [[-0.2702155480736146], [-0.26215405676824816], [-0.3334347675879914]]], "tvecs": [[[-2.615569271347745], [0.458036517182116], [15.707749947107915]], [[-2.517297436834891], [0.5318796754000015], [15.834549539270514]], [[1.7005717630793902], [-1.7575629980845997], [15.940764091253243]], [[-0.8090723325284311], [-2.8006689057601855], [14.214159348993883]], [[-1.3284998288142498], [-2.6845374001507487], [13.817869796841782]], [[-2.4286791144881015], [-1.8935291165559223], [12.852783126267166]], [[-1.902880202631262], [-2.002211756859646], [11.932690775906298]], [[-1.260511672837444], [-2.0659865259173444], [12.732235912006258]], [[-0.4152307342174625], [-2.3618358737731535], [13.383845137283144]], [[-1.4316468854901163], [-1.9510322283151587], [14.025611924925744]], [[-1.6512138307755977], [-1.8051778315977833], [13.84977650465222]], [[-1.9930263045746837], [-1.7317544608025535], [13.809822429229087]], [[-2.3605865502956496], [-1.5700850949124876], [13.715047853012022]], [[-2.6307825129757236], [-1.3513158823652829], [13.72926291663503]], [[-2.847283895754393], [-0.7651055875830954], [13.707087522961283]]]}