{"camera_matrix": [[589.2264900087267, 0.0, 167.75003172783826], [0.0, 541.4966202437537, 261.6218079886648], [0.0, 0.0, 1.0]], "distortion": [[0.48148360740340584, -2.4312424997648026, 0.016477614790957187, -0.07357767134207678, 3.311759396729728]], "rvecs": [[[-0.39114898142122234], [-0.26384394490443136], [-1.526481760633249]], [[-0.5705342493043821], [-0.22063963916195023], [-1.5116410213128892]], [[-0.1429928273052862], [0.053364426050429445], [-1.5125343003878997]], [[-0.2748122012795383], [-0.002404220499393473], [-1.5069265385016453]], [[-0.2868864072588857], [0.22653795053597406], [-0.8059389498418085]], [[-0.3236111962064572], [0.14900396995367113], [-0.6639261423255934]], [[-0.08946673129883854], [-0.13510851387752765], [-1.8433837504665231]], [[-0.03778216763200745], [-0.22324771244638325], [-2.12264068538958]], [[0.20696948134060134], [-0.09972292507384686], [-1.9984430732483593]], [[-0.059730258995508254], [0.09623044252453931], [-1.6253729760060958]], [[-0.6773093866306295], [-0.12693589808746963], [-1.3968087617899465]], [[-0.3270087725360162], [-0.16131410653736142], [-1.6139478633953341]], [[-0.126655839398963], [-0.13958358618546804], [-1.6389936811065764]], [[-0.3510182107133776], [-0.13172894053164727], [-1.5836701298990277]], [[-0.03843764090978194], [-0.21179918186065572], [-1.6886753018541587]]], "tvecs": [[[-0.7524766703613431], [6.5920680437973065], [18.39249136144694]], [[-0.41688980510660795], [5.937213740395472], [17.749967447815738]], [[1.8494096334085768], [6.742856739948778], [20.371916513329385]], [[1.6477324497239436], [8.422896003517444], [29.240513463711807]], [[-0.6148314351655452], [5.60295441068147], [26.970678984485378]], [[0.47816002152496173], [5.4021621508527256], [26.279162717026974]], [[3.6930646962618257], [7.002014495408825], [19.51355310835316]], [[4.991719193983832], [7.776338253136376], [19.55895433725611]], [[4.4293659160403775], [7.72764280918607], [19.59310394957121]], [[3.690587043899094], [7.039297664128535], [20.173433419263258]], [[1.8122504815162896], [6.09347431981797], [18.65457823439234]], [[3.8192900116598096], [7.259533252305203], [19.6503384440603]], [[2.825965203660405], [6.592271899454943], [20.435070177823082]], [[2.9675431280157993], [7.0309753112276], [20.993602651360714]], [[3.449040150797801], [7.681302181850367], [20.898736089257433]]]}